id,x3,type,dot
A,29.2807777728885,1,NA
A,22.2072294456884,2,NA
A,6.44374960195273,3,NA
A,36.9498441601172,4,18.4749220800586
B,28.7121999207884,1,NA
B,10.6845163637772,2,NA
B,37.8788341339678,3,NA
B,5.96569882705808,4,2.98284941352904
