id,x5,type,sum,dot
A,28.4052950777113,1,73.4130539037287,59.210406364873045
A,7.4414991941303,2,73.4130539037287,NA
A,12.6036343239248,3,73.4130539037287,NA
A,24.9626253079623,4,73.4130539037287,NA
B,33.3993501411751,1,97.00093885324902,80.30126378266148
B,18.0752392597497,2,97.00093885324902,NA
B,36.169364486821,3,97.00093885324902,NA
B,9.35698496550322,4,97.00093885324902,NA
