id,x6,type,rowid,sum,dot
A,28.1203627232462,1,1,92.6702515874058,78.6100702257827
A,17.7834738437086,2,2,92.6702515874058,55.658151942305295
A,27.7433624211699,3,3,92.6702515874058,NA
A,19.0230525992811,4,4,92.6702515874058,NA
B,4.82643732894212,1,5,67.6813816465438,NA
B,38.6468171188608,2,6,67.6813816465438,NA
B,20.1834976896644,3,7,67.6813816465438,NA
B,4.02462950907648,4,8,67.6813816465438,NA
