id,x4,dot
A,87.74080301262433,43.87040150631216
B,42.42539995070546,NA
C,74.50069989301265,NA
D,43.9544612372294,21.9772306186147
